Product Code,Suppler TIN,Supplier Name,Qty,Unit Price
6439709187961160000,,Opening Stock,100,1080
6439709187961160000,,Opening Stock,100,1080
6439703316732480000,,Opening Stock,100,1080
6439703316732480000,,Opening Stock,100,1080
6414268019521780000,,Opening Stock,100,1080
6414268019521780000,,Opening Stock,100,1080
6414262414572680000,,Opening Stock,100,1080
6414262414572680000,,Opening Stock,100,1080
6414239303076840000,,Opening Stock,100,1080
6414239303076840000,,Opening Stock,100,1080
6411172325718130000,,Opening Stock,100,1080
6411172325718130000,,Opening Stock,100,1080
6410097652037220000,,Opening Stock,100,1080
6410097652037220000,,Opening Stock,100,1080
6399726997932510000,,Opening Stock,100,1080
6399726997932510000,,Opening Stock,100,1080
6395166460427010000,,Opening Stock,100,1080
6395166460427010000,,Opening Stock,100,1080
6395159773079040000,,Opening Stock,100,1080
6395159773079040000,,Opening Stock,100,1080
6395082630659740000,,Opening Stock,100,1080
6395082630659740000,,Opening Stock,100,1080
6385783396538160000,,Opening Stock,100,1080
6385783396538160000,,Opening Stock,100,1080
6373337683761990000,,Opening Stock,100,1080
6373337683761990000,,Opening Stock,100,1080
6370205425190470000,,Opening Stock,100,1080
6370205425190470000,,Opening Stock,100,1080
6370192187874770000,,Opening Stock,100,1080
6370192187874770000,,Opening Stock,100,1080
6369338241069250000,,Opening Stock,100,1080
6369338241069250000,,Opening Stock,100,1080
6366561375740660000,,Opening Stock,100,1080
6366561375740660000,,Opening Stock,100,1080
6355941159490980000,,Opening Stock,100,1080
6355941159490980000,,Opening Stock,100,1080
6302492671256460000,,Opening Stock,100,1080
6302492671256460000,,Opening Stock,100,1080
6291744440906060000,,Opening Stock,100,1080
6291744440906060000,,Opening Stock,100,1080
6258449508305110000,,Opening Stock,100,1080
6258449508305110000,,Opening Stock,100,1080
6258423248564680000,,Opening Stock,100,1080
6258423248564680000,,Opening Stock,100,1080
6225116803278730000,,Opening Stock,100,1080
6225116803278730000,,Opening Stock,100,1080
6154326384102510000,,Opening Stock,100,1080
6154326384102510000,,Opening Stock,100,1080
6120360412027190000,,Opening Stock,100,1080
6120360412027190000,,Opening Stock,100,1080
5969491022353170000,,Opening Stock,100,1080
5969491022353170000,,Opening Stock,100,1080
5946623721564180000,,Opening Stock,100,1080
5946623721564180000,,Opening Stock,100,1080
5946553957890290000,,Opening Stock,100,1080
5946553957890290000,,Opening Stock,100,1080
5946550358648980000,,Opening Stock,100,1080
5946550358648980000,,Opening Stock,100,1080
5946407841500660000,,Opening Stock,100,1080
5946407841500660000,,Opening Stock,100,1080
5946401360378230000,,Opening Stock,100,1080
5946401360378230000,,Opening Stock,100,1080
5906379767933730000,,Opening Stock,100,1080
5906379767933730000,,Opening Stock,100,1080
5849587286898800000,,Opening Stock,100,1080
5849587286898800000,,Opening Stock,100,1080
5839067945405150000,,Opening Stock,100,1080
5839067945405150000,,Opening Stock,100,1080
5839054446155170000,,Opening Stock,100,1080
5839054446155170000,,Opening Stock,100,1080
5839049674404560000,,Opening Stock,100,1080
5839049674404560000,,Opening Stock,100,1080
5838818959171680000,,Opening Stock,100,1080
5838818959171680000,,Opening Stock,100,1080
5838800576392890000,,Opening Stock,100,1080
5838800576392890000,,Opening Stock,100,1080
5838781287552160000,,Opening Stock,100,1080
5838781287552160000,,Opening Stock,100,1080
5838763798235610000,,Opening Stock,100,1080
5838763798235610000,,Opening Stock,100,1080
5838745870924680000,,Opening Stock,100,1080
5838745870924680000,,Opening Stock,100,1080
5838733222178880000,,Opening Stock,100,1080
5838733222178880000,,Opening Stock,100,1080
5838729773278200000,,Opening Stock,100,1080
5838729773278200000,,Opening Stock,100,1080
5812546239530440000,,Opening Stock,100,1080
5812546239530440000,,Opening Stock,100,1080
5812232453154050000,,Opening Stock,100,1080
5812232453154050000,,Opening Stock,100,1080
5810300856154620000,,Opening Stock,100,1080
5810300856154620000,,Opening Stock,100,1080
5810262098134860000,,Opening Stock,100,1080
5810262098134860000,,Opening Stock,100,1080
5810144034449950000,,Opening Stock,100,1080
5810144034449950000,,Opening Stock,100,1080
5810136346450100000,,Opening Stock,100,1080
5810136346450100000,,Opening Stock,100,1080
5810126583972660000,,Opening Stock,100,1080
5810126583972660000,,Opening Stock,100,1080
5806453241520490000,,Opening Stock,100,1080
5806453241520490000,,Opening Stock,100,1080
5806446945073270000,,Opening Stock,100,1080
5806446945073270000,,Opening Stock,100,1080
5806208269059790000,,Opening Stock,100,1080
5806208269059790000,,Opening Stock,100,1080
5806202702773780000,,Opening Stock,100,1080
5806202702773780000,,Opening Stock,100,1080
5805354080796570000,,Opening Stock,100,1080
5805354080796570000,,Opening Stock,100,1080
5805217139941870000,,Opening Stock,100,1080
5805217139941870000,,Opening Stock,100,1080
5805134770866130000,,Opening Stock,100,1080
5805134770866130000,,Opening Stock,100,1080
5805125635453910000,,Opening Stock,100,1080
5805125635453910000,,Opening Stock,100,1080
5804887972993990000,,Opening Stock,100,1080
5804887972993990000,,Opening Stock,100,1080
5804880585633470000,,Opening Stock,100,1080
5804880585633470000,,Opening Stock,100,1080
5804729797628040000,,Opening Stock,100,1080
5804729797628040000,,Opening Stock,100,1080
5802791485011040000,,Opening Stock,100,1080
5802791485011040000,,Opening Stock,100,1080
5802576220067370000,,Opening Stock,100,1080
5802576220067370000,,Opening Stock,100,1080
5802562901357000000,,Opening Stock,100,1080
5802562901357000000,,Opening Stock,100,1080
5802293808586460000,,Opening Stock,100,1080
5802293808586460000,,Opening Stock,100,1080
5746279022984070000,,Opening Stock,100,1080
5746279022984070000,,Opening Stock,100,1080
5664084180258950000,,Opening Stock,100,1080
5664084180258950000,,Opening Stock,100,1080
5572170871637700000,,Opening Stock,100,1080
5572170871637700000,,Opening Stock,100,1080
5456694264580700000,,Opening Stock,100,1080
5456694264580700000,,Opening Stock,100,1080
5416608073286320000,,Opening Stock,100,1080
5416608073286320000,,Opening Stock,100,1080
5415698395933080000,,Opening Stock,100,1080
5415698395933080000,,Opening Stock,100,1080
5415665143893620000,,Opening Stock,100,1080
5415665143893620000,,Opening Stock,100,1080
5412289227742150000,,Opening Stock,100,1080
5412289227742150000,,Opening Stock,100,1080
5412117509522230000,,Opening Stock,100,1080
5412117509522230000,,Opening Stock,100,1080
5412066939964920000,,Opening Stock,100,1080
5412066939964920000,,Opening Stock,100,1080
5411741707777510000,,Opening Stock,100,1080
5411741707777510000,,Opening Stock,100,1080
5411704680814120000,,Opening Stock,100,1080
5411704680814120000,,Opening Stock,100,1080
5411700531825380000,,Opening Stock,100,1080
5411700531825380000,,Opening Stock,100,1080
5411697224658620000,,Opening Stock,100,1080
5411697224658620000,,Opening Stock,100,1080
5411683240186380000,,Opening Stock,100,1080
5411683240186380000,,Opening Stock,100,1080
5411673481961960000,,Opening Stock,100,1080
5411673481961960000,,Opening Stock,100,1080
5378481301688840000,,Opening Stock,100,1080
5378481301688840000,,Opening Stock,100,1080
5375286445965480000,,Opening Stock,100,1080
5375286445965480000,,Opening Stock,100,1080
5304647755602230000,,Opening Stock,100,1080
5304647755602230000,,Opening Stock,100,1080
5260000783599830000,,Opening Stock,100,1080
5260000783599830000,,Opening Stock,100,1080
5259976551318850000,,Opening Stock,100,1080
5259976551318850000,,Opening Stock,100,1080
5240955378174170000,,Opening Stock,100,1080
5240955378174170000,,Opening Stock,100,1080
5240953058833110000,,Opening Stock,100,1080
5240953058833110000,,Opening Stock,100,1080
5240946878282890000,,Opening Stock,100,1080
5240946878282890000,,Opening Stock,100,1080
5240939203100840000,,Opening Stock,100,1080
5240939203100840000,,Opening Stock,100,1080
5230637015833150000,,Opening Stock,100,1080
5230637015833150000,,Opening Stock,100,1080
5230629095804400000,,Opening Stock,100,1080
5230629095804400000,,Opening Stock,100,1080
5227180851086660000,,Opening Stock,100,1080
5227180851086660000,,Opening Stock,100,1080
5226894149898110000,,Opening Stock,100,1080
5226894149898110000,,Opening Stock,100,1080
5226648048053950000,,Opening Stock,100,1080
5226648048053950000,,Opening Stock,100,1080
5226634982721490000,,Opening Stock,100,1080
5226634982721490000,,Opening Stock,100,1080
5141890327593780000,,Opening Stock,100,1080
5141890327593780000,,Opening Stock,100,1080
5141113627637350000,,Opening Stock,100,1080
5141113627637350000,,Opening Stock,100,1080
4953145539777430000,,Opening Stock,100,1080
4953145539777430000,,Opening Stock,100,1080
4940397415040450000,,Opening Stock,100,1080
4940397415040450000,,Opening Stock,100,1080
4938288465922920000,,Opening Stock,100,1080
4938288465922920000,,Opening Stock,100,1080
4938284772192320000,,Opening Stock,100,1080
4938284772192320000,,Opening Stock,100,1080
4938281649709160000,,Opening Stock,100,1080
4938281649709160000,,Opening Stock,100,1080
4938277354674750000,,Opening Stock,100,1080
4938277354674750000,,Opening Stock,100,1080
4938267308653970000,,Opening Stock,100,1080
4938267308653970000,,Opening Stock,100,1080
4919591214874790000,,Opening Stock,100,1080
4919591214874790000,,Opening Stock,100,1080
4873929201096230000,,Opening Stock,100,1080
4873929201096230000,,Opening Stock,100,1080
4799560034167980000,,Opening Stock,100,1080
4799560034167980000,,Opening Stock,100,1080
4782421230130990000,,Opening Stock,100,1080
4782421230130990000,,Opening Stock,100,1080
4782417158460050000,,Opening Stock,100,1080
4782417158460050000,,Opening Stock,100,1080
4782404200493380000,,Opening Stock,100,1080
4782404200493380000,,Opening Stock,100,1080
4763527811124070000,,Opening Stock,100,1080
4763527811124070000,,Opening Stock,100,1080
4763515630529710000,,Opening Stock,100,1080
4763515630529710000,,Opening Stock,100,1080
4763465671453340000,,Opening Stock,100,1080
4763465671453340000,,Opening Stock,100,1080
4755726689621670000,,Opening Stock,100,1080
4755726689621670000,,Opening Stock,100,1080
4748059180265280000,,Opening Stock,100,1080
4748059180265280000,,Opening Stock,100,1080
4748053588167530000,,Opening Stock,100,1080
4748053588167530000,,Opening Stock,100,1080
4748048429861470000,,Opening Stock,100,1080
4748048429861470000,,Opening Stock,100,1080
4748036064583520000,,Opening Stock,100,1080
4748036064583520000,,Opening Stock,100,1080
4721777829509760000,,Opening Stock,100,1080
4721777829509760000,,Opening Stock,100,1080
4721775432876070000,,Opening Stock,100,1080
4721775432876070000,,Opening Stock,100,1080
4721768483568650000,,Opening Stock,100,1080
4721768483568650000,,Opening Stock,100,1080
4721759047416450000,,Opening Stock,100,1080
4721759047416450000,,Opening Stock,100,1080
4721240816897390000,,Opening Stock,100,1080
4721240816897390000,,Opening Stock,100,1080
4711753792570160000,,Opening Stock,100,1080
4711753792570160000,,Opening Stock,100,1080
4671119204693210000,,Opening Stock,100,1080
4671119204693210000,,Opening Stock,100,1080
4670679410603360000,,Opening Stock,100,1080
4670679410603360000,,Opening Stock,100,1080
4670601812808470000,,Opening Stock,100,1080
4670601812808470000,,Opening Stock,100,1080
4670469729234620000,,Opening Stock,100,1080
4670469729234620000,,Opening Stock,100,1080
4670456792734400000,,Opening Stock,100,1080
4670456792734400000,,Opening Stock,100,1080
4595831426049280000,,Opening Stock,100,1080
4595831426049280000,,Opening Stock,100,1080
4581478160742120000,,Opening Stock,100,1080
4581478160742120000,,Opening Stock,100,1080
4581453481801320000,,Opening Stock,100,1080
4581453481801320000,,Opening Stock,100,1080
4530116473158270000,,Opening Stock,100,1080
4530116473158270000,,Opening Stock,100,1080
4477864583205130000,,Opening Stock,100,1080
4477864583205130000,,Opening Stock,100,1080
4429696903440930000,,Opening Stock,100,1080
4429696903440930000,,Opening Stock,100,1080
4322095143197770000,,Opening Stock,100,1080
4322095143197770000,,Opening Stock,100,1080
4322049577621290000,,Opening Stock,100,1080
4322049577621290000,,Opening Stock,100,1080
4322032711209220000,,Opening Stock,100,1080
4322032711209220000,,Opening Stock,100,1080
4306389345486410000,,Opening Stock,100,1080
4306389345486410000,,Opening Stock,100,1080
4306378784119880000,,Opening Stock,100,1080
4306378784119880000,,Opening Stock,100,1080
4306368733837690000,,Opening Stock,100,1080
4306368733837690000,,Opening Stock,100,1080
4306356819531300000,,Opening Stock,100,1080
4306356819531300000,,Opening Stock,100,1080
4276231618068120000,,Opening Stock,100,1080
4276231618068120000,,Opening Stock,100,1080
4251359591331170000,,Opening Stock,100,1080
4251359591331170000,,Opening Stock,100,1080
4242798767859730000,,Opening Stock,100,1080
4242798767859730000,,Opening Stock,100,1080
4188508488592160000,,Opening Stock,100,1080
4188508488592160000,,Opening Stock,100,1080
4188502840626280000,,Opening Stock,100,1080
4188502840626280000,,Opening Stock,100,1080
4188498373784800000,,Opening Stock,100,1080
4188498373784800000,,Opening Stock,100,1080
4188481052005530000,,Opening Stock,100,1080
4188481052005530000,,Opening Stock,100,1080
4188474583700900000,,Opening Stock,100,1080
4188474583700900000,,Opening Stock,100,1080
4188454526128130000,,Opening Stock,100,1080
4188454526128130000,,Opening Stock,100,1080
4188129691887900000,,Opening Stock,100,1080
4188129691887900000,,Opening Stock,100,1080
4188057222409780000,,Opening Stock,100,1080
4188057222409780000,,Opening Stock,100,1080
4187788334463880000,,Opening Stock,100,1080
4187788334463880000,,Opening Stock,100,1080
4187775599810350000,,Opening Stock,100,1080
4187775599810350000,,Opening Stock,100,1080
4135452182553990000,,Opening Stock,100,1080
4135452182553990000,,Opening Stock,100,1080
4134927030871290000,,Opening Stock,100,1080
4134927030871290000,,Opening Stock,100,1080
4112743580705920000,,Opening Stock,100,1080
4112743580705920000,,Opening Stock,100,1080
4083144505572620000,,Opening Stock,100,1080
4083144505572620000,,Opening Stock,100,1080
4054504748538040000,,Opening Stock,100,1080
4054504748538040000,,Opening Stock,100,1080
4054110362478220000,,Opening Stock,100,1080
4054110362478220000,,Opening Stock,100,1080
4054099886943930000,,Opening Stock,100,1080
4054099886943930000,,Opening Stock,100,1080
4054087938143580000,,Opening Stock,100,1080
4054087938143580000,,Opening Stock,100,1080
3960762256018280000,,Opening Stock,100,1080
3960762256018280000,,Opening Stock,100,1080
3960747502696560000,,Opening Stock,100,1080
3960747502696560000,,Opening Stock,100,1080
3920582496026000000,,Opening Stock,100,1080
3920582496026000000,,Opening Stock,100,1080
3898704168776270000,,Opening Stock,100,1080
3898704168776270000,,Opening Stock,100,1080
3879984907471980000,,Opening Stock,100,1080
3879984907471980000,,Opening Stock,100,1080
3879971962348270000,,Opening Stock,100,1080
3879971962348270000,,Opening Stock,100,1080
3879960894142050000,,Opening Stock,100,1080
3879960894142050000,,Opening Stock,100,1080
3879938624501740000,,Opening Stock,100,1080
3879938624501740000,,Opening Stock,100,1080
3802237326373850000,,Opening Stock,100,1080
3802237326373850000,,Opening Stock,100,1080
3787676485246940000,,Opening Stock,100,1080
3787676485246940000,,Opening Stock,100,1080
3782913087485410000,,Opening Stock,100,1080
3782913087485410000,,Opening Stock,100,1080
3753918020892660000,,Opening Stock,100,1080
3753918020892660000,,Opening Stock,100,1080
3739422270020290000,,Opening Stock,100,1080
3739422270020290000,,Opening Stock,100,1080
3731780531021320000,,Opening Stock,100,1080
3731780531021320000,,Opening Stock,100,1080
3690909089799240000,,Opening Stock,100,1080
3690909089799240000,,Opening Stock,100,1080
3650637359164060000,,Opening Stock,100,1080
3650637359164060000,,Opening Stock,100,1080
3650612714515890000,,Opening Stock,100,1080
3650612714515890000,,Opening Stock,100,1080
3646608078318500000,,Opening Stock,100,1080
3646608078318500000,,Opening Stock,100,1080
3642415851153290000,,Opening Stock,100,1080
3642415851153290000,,Opening Stock,100,1080
3642394878786040000,,Opening Stock,100,1080
3642394878786040000,,Opening Stock,100,1080
3642330084741640000,,Opening Stock,100,1080
3642330084741640000,,Opening Stock,100,1080
3639247175000420000,,Opening Stock,100,1080
3639247175000420000,,Opening Stock,100,1080
3639235355158150000,,Opening Stock,100,1080
3639235355158150000,,Opening Stock,100,1080
3639180310555300000,,Opening Stock,100,1080
3639180310555300000,,Opening Stock,100,1080
3639142613442790000,,Opening Stock,100,1080
3639142613442790000,,Opening Stock,100,1080
3638934329859410000,,Opening Stock,100,1080
3638934329859410000,,Opening Stock,100,1080
3638912910765230000,,Opening Stock,100,1080
3638912910765230000,,Opening Stock,100,1080
3638855976393540000,,Opening Stock,100,1080
3638855976393540000,,Opening Stock,100,1080
3638826959435100000,,Opening Stock,100,1080
3638826959435100000,,Opening Stock,100,1080
3638818768890530000,,Opening Stock,100,1080
3638818768890530000,,Opening Stock,100,1080
3638808207507230000,,Opening Stock,100,1080
3638808207507230000,,Opening Stock,100,1080
3638606816272610000,,Opening Stock,100,1080
3638606816272610000,,Opening Stock,100,1080
3631734998169450000,,Opening Stock,100,1080
3631734998169450000,,Opening Stock,100,1080
3631160777718530000,,Opening Stock,100,1080
3631160777718530000,,Opening Stock,100,1080
3591293652246100000,,Opening Stock,100,1080
3591293652246100000,,Opening Stock,100,1080
3572030058321050000,,Opening Stock,100,1080
3572030058321050000,,Opening Stock,100,1080
3557498307326410000,,Opening Stock,100,1080
3557498307326410000,,Opening Stock,100,1080
3557489111759490000,,Opening Stock,100,1080
3557489111759490000,,Opening Stock,100,1080
3556693696491450000,,Opening Stock,100,1080
3556693696491450000,,Opening Stock,100,1080
3553872710440220000,,Opening Stock,100,1080
3553872710440220000,,Opening Stock,100,1080
3553856071359430000,,Opening Stock,100,1080
3553856071359430000,,Opening Stock,100,1080
3553848877180160000,,Opening Stock,100,1080
3553848877180160000,,Opening Stock,100,1080
3548898793145400000,,Opening Stock,100,1080
3548898793145400000,,Opening Stock,100,1080
3548892385012250000,,Opening Stock,100,1080
3548892385012250000,,Opening Stock,100,1080
3548888974749500000,,Opening Stock,100,1080
3548888974749500000,,Opening Stock,100,1080
3548886105669400000,,Opening Stock,100,1080
3548886105669400000,,Opening Stock,100,1080
3548882738356320000,,Opening Stock,100,1080
3548882738356320000,,Opening Stock,100,1080
3545685859510420000,,Opening Stock,100,1080
3545685859510420000,,Opening Stock,100,1080
3539389010885380000,,Opening Stock,100,1080
3539389010885380000,,Opening Stock,100,1080
3539384621370080000,,Opening Stock,100,1080
3539384621370080000,,Opening Stock,100,1080
3539377551719690000,,Opening Stock,100,1080
3539377551719690000,,Opening Stock,100,1080
3539368635275310000,,Opening Stock,100,1080
3539368635275310000,,Opening Stock,100,1080
3512595914994650000,,Opening Stock,100,1080
3512595914994650000,,Opening Stock,100,1080
3512311419708020000,,Opening Stock,100,1080
3512311419708020000,,Opening Stock,100,1080
3512304242767330000,,Opening Stock,100,1080
3512304242767330000,,Opening Stock,100,1080
3512296516079220000,,Opening Stock,100,1080
3512296516079220000,,Opening Stock,100,1080
3512288754997820000,,Opening Stock,100,1080
3512288754997820000,,Opening Stock,100,1080
3512284232346930000,,Opening Stock,100,1080
3512284232346930000,,Opening Stock,100,1080
3512271489078300000,,Opening Stock,100,1080
3512271489078300000,,Opening Stock,100,1080
3512264999340770000,,Opening Stock,100,1080
3512264999340770000,,Opening Stock,100,1080
3512258436580410000,,Opening Stock,100,1080
3512258436580410000,,Opening Stock,100,1080
3512254807274320000,,Opening Stock,100,1080
3512254807274320000,,Opening Stock,100,1080
3512250593869460000,,Opening Stock,100,1080
3512250593869460000,,Opening Stock,100,1080
3512202206616910000,,Opening Stock,100,1080
3512202206616910000,,Opening Stock,100,1080
3512183999940170000,,Opening Stock,100,1080
3512183999940170000,,Opening Stock,100,1080
3511955421378020000,,Opening Stock,100,1080
3511955421378020000,,Opening Stock,100,1080
3511907094171120000,,Opening Stock,100,1080
3511907094171120000,,Opening Stock,100,1080
3511767584623990000,,Opening Stock,100,1080
3511767584623990000,,Opening Stock,100,1080
3511740135286670000,,Opening Stock,100,1080
3511740135286670000,,Opening Stock,100,1080
3505347571184730000,,Opening Stock,100,1080
3505347571184730000,,Opening Stock,100,1080
3505328157773170000,,Opening Stock,100,1080
3505328157773170000,,Opening Stock,100,1080
3505309642068490000,,Opening Stock,100,1080
3505309642068490000,,Opening Stock,100,1080
3505303843812310000,,Opening Stock,100,1080
3505303843812310000,,Opening Stock,100,1080
3505286663884410000,,Opening Stock,100,1080
3505286663884410000,,Opening Stock,100,1080
3504411213268160000,,Opening Stock,100,1080
3504411213268160000,,Opening Stock,100,1080
3494114312367010000,,Opening Stock,100,1080
3494114312367010000,,Opening Stock,100,1080
3494099679371490000,,Opening Stock,100,1080
3494099679371490000,,Opening Stock,100,1080
3494082499300980000,,Opening Stock,100,1080
3494082499300980000,,Opening Stock,100,1080
3494060156830780000,,Opening Stock,100,1080
3494060156830780000,,Opening Stock,100,1080
3389489578589980000,,Opening Stock,100,1080
3389489578589980000,,Opening Stock,100,1080
3363571913124120000,,Opening Stock,100,1080
3363571913124120000,,Opening Stock,100,1080
3322889566334910000,,Opening Stock,100,1080
3322889566334910000,,Opening Stock,100,1080
3322882574044270000,,Opening Stock,100,1080
3322882574044270000,,Opening Stock,100,1080
3192718942388780000,,Opening Stock,100,1080
3192718942388780000,,Opening Stock,100,1080
3182949952846200000,,Opening Stock,100,1080
3182949952846200000,,Opening Stock,100,1080
3160687112156510000,,Opening Stock,100,1080
3160687112156510000,,Opening Stock,100,1080
3160184374918280000,,Opening Stock,100,1080
3160184374918280000,,Opening Stock,100,1080
3111273054534010000,,Opening Stock,100,1080
3111273054534010000,,Opening Stock,100,1080
3111266173937680000,,Opening Stock,100,1080
3111266173937680000,,Opening Stock,100,1080
3111229666480780000,,Opening Stock,100,1080
3111229666480780000,,Opening Stock,100,1080
3111201568729240000,,Opening Stock,100,1080
3111201568729240000,,Opening Stock,100,1080
3111126427932460000,,Opening Stock,100,1080
3111126427932460000,,Opening Stock,100,1080
3104223333206360000,,Opening Stock,100,1080
3104223333206360000,,Opening Stock,100,1080
3104178854323720000,,Opening Stock,100,1080
3104178854323720000,,Opening Stock,100,1080
3088847053531280000,,Opening Stock,100,1080
3088847053531280000,,Opening Stock,100,1080
3085184492713710000,,Opening Stock,100,1080
3085184492713710000,,Opening Stock,100,1080
2981370508471080000,,Opening Stock,100,1080
2981370508471080000,,Opening Stock,100,1080
2962791012247700000,,Opening Stock,100,1080
2962791012247700000,,Opening Stock,100,1080
2962624297958280000,,Opening Stock,100,1080
2962624297958280000,,Opening Stock,100,1080
2951910270999360000,,Opening Stock,100,1080
2951910270999360000,,Opening Stock,100,1080
2951900710309890000,,Opening Stock,100,1080
2951900710309890000,,Opening Stock,100,1080
2933260091635170000,,Opening Stock,100,1080
2933260091635170000,,Opening Stock,100,1080
2929890543502520000,,Opening Stock,100,1080
2929890543502520000,,Opening Stock,100,1080
2922312619840670000,,Opening Stock,100,1080
2922312619840670000,,Opening Stock,100,1080
2863069214401270000,,Opening Stock,100,1080
2863069214401270000,,Opening Stock,100,1080
2863062222102230000,,Opening Stock,100,1080
2863062222102230000,,Opening Stock,100,1080
2863007937792480000,,Opening Stock,100,1080
2863007937792480000,,Opening Stock,100,1080
2836774661511870000,,Opening Stock,100,1080
2836774661511870000,,Opening Stock,100,1080
2788836133411130000,,Opening Stock,100,1080
2788836133411130000,,Opening Stock,100,1080
2721604845738820000,,Opening Stock,100,1080
2721604845738820000,,Opening Stock,100,1080
2662116581898620000,,Opening Stock,100,1080
2662116581898620000,,Opening Stock,100,1080
2633250162251560000,,Opening Stock,100,1080
2633250162251560000,,Opening Stock,100,1080
2629314965072150000,,Opening Stock,100,1080
2629314965072150000,,Opening Stock,100,1080
2555419338831990000,,Opening Stock,100,1080
2555419338831990000,,Opening Stock,100,1080
2439398682311690000,,Opening Stock,100,1080
2439398682311690000,,Opening Stock,100,1080
2427973046338750000,,Opening Stock,100,1080
2427973046338750000,,Opening Stock,100,1080
2409834998321280000,,Opening Stock,100,1080
2409834998321280000,,Opening Stock,100,1080
2391445477946980000,,Opening Stock,100,1080
2391445477946980000,,Opening Stock,100,1080
2391402708159330000,,Opening Stock,100,1080
2391402708159330000,,Opening Stock,100,1080
2391216665418170000,,Opening Stock,100,1080
2391216665418170000,,Opening Stock,100,1080
2391211739015180000,,Opening Stock,100,1080
2391211739015180000,,Opening Stock,100,1080
2387432649460190000,,Opening Stock,100,1080
2387432649460190000,,Opening Stock,100,1080
2387417037153400000,,Opening Stock,100,1080
2387417037153400000,,Opening Stock,100,1080
2387405406272910000,,Opening Stock,100,1080
2387405406272910000,,Opening Stock,100,1080
2370251242610790000,,Opening Stock,100,1080
2370251242610790000,,Opening Stock,100,1080
2370245444321050000,,Opening Stock,100,1080
2370245444321050000,,Opening Stock,100,1080
2314673463102440000,,Opening Stock,100,1080
2314673463102440000,,Opening Stock,100,1080
2280068628038450000,,Opening Stock,100,1080
2280068628038450000,,Opening Stock,100,1080
2262208842261500000,,Opening Stock,100,1080
2262208842261500000,,Opening Stock,100,1080
2257994789246890000,,Opening Stock,100,1080
2257994789246890000,,Opening Stock,100,1080
2257994741800930000,,Opening Stock,100,1080
2257994741800930000,,Opening Stock,100,1080
2257994737489180000,,Opening Stock,100,1080
2257994737489180000,,Opening Stock,100,1080
2257994733177440000,,Opening Stock,100,1080
2257994733177440000,,Opening Stock,100,1080
2257994707298580000,,Opening Stock,100,1080
2257994707298580000,,Opening Stock,100,1080
2257994621055300000,,Opening Stock,100,1080
2257994621055300000,,Opening Stock,100,1080
2257994491686190000,,Opening Stock,100,1080
2257994491686190000,,Opening Stock,100,1080
2257994487374450000,,Opening Stock,100,1080
2257994487374450000,,Opening Stock,100,1080
2257994457175460000,,Opening Stock,100,1080
2257994457175460000,,Opening Stock,100,1080
2257994396794260000,,Opening Stock,100,1080
2257994396794260000,,Opening Stock,100,1080
2257994319157690000,,Opening Stock,100,1080
2257994319157690000,,Opening Stock,100,1080
2257994276031860000,,Opening Stock,100,1080
2257994276031860000,,Opening Stock,100,1080
2257994228577500000,,Opening Stock,100,1080
2257994228577500000,,Opening Stock,100,1080
2257994194091930000,,Opening Stock,100,1080
2257994194091930000,,Opening Stock,100,1080
2257994159589590000,,Opening Stock,100,1080
2257994159589590000,,Opening Stock,100,1080
2257994150957710000,,Opening Stock,100,1080
2257994150957710000,,Opening Stock,100,1080
2257994138039260000,,Opening Stock,100,1080
2257994138039260000,,Opening Stock,100,1080
2257994069026180000,,Opening Stock,100,1080
2257994069026180000,,Opening Stock,100,1080
2257994030203700000,,Opening Stock,100,1080
2257994030203700000,,Opening Stock,100,1080
2257994021588600000,,Opening Stock,100,1080
2257994021588600000,,Opening Stock,100,1080
2257993909441300000,,Opening Stock,100,1080
2257993909441300000,,Opening Stock,100,1080
2257993849076880000,,Opening Stock,100,1080
2257993849076880000,,Opening Stock,100,1080
2257993827509760000,,Opening Stock,100,1080
2257993827509760000,,Opening Stock,100,1080
2257993754210110000,,Opening Stock,100,1080
2257993754210110000,,Opening Stock,100,1080
2257993724002730000,,Opening Stock,100,1080
2257993724002730000,,Opening Stock,100,1080
2257993577353090000,,Opening Stock,100,1080
2257993577353090000,,Opening Stock,100,1080
2257993271135340000,,Opening Stock,100,1080
2257993271135340000,,Opening Stock,100,1080
2257993249585000000,,Opening Stock,100,1080
2257993249585000000,,Opening Stock,100,1080
2257993236632990000,,Opening Stock,100,1080
2257993236632990000,,Opening Stock,100,1080
2257993193498770000,,Opening Stock,100,1080
2257993193498770000,,Opening Stock,100,1080
2257993184875280000,,Opening Stock,100,1080
2257993184875280000,,Opening Stock,100,1080
2257993176243410000,,Opening Stock,100,1080
2257993176243410000,,Opening Stock,100,1080
2257993154693070000,,Opening Stock,100,1080
2257993154693070000,,Opening Stock,100,1080
2257993008060200000,,Opening Stock,100,1080
2257993008060200000,,Opening Stock,100,1080
2257993003748460000,,Opening Stock,100,1080
2257993003748460000,,Opening Stock,100,1080
2257992930415250000,,Opening Stock,100,1080
2257992930415250000,,Opening Stock,100,1080
2257992706154200000,,Opening Stock,100,1080
2257992706154200000,,Opening Stock,100,1080
2257992637132730000,,Opening Stock,100,1080
2257992637132730000,,Opening Stock,100,1080
2257992624189110000,,Opening Stock,100,1080
2257992624189110000,,Opening Stock,100,1080
2257992568119660000,,Opening Stock,100,1080
2257992568119660000,,Opening Stock,100,1080
2257992274845530000,,Opening Stock,100,1080
2257992274845530000,,Opening Stock,100,1080
2257992197217350000,,Opening Stock,100,1080
2257992197217350000,,Opening Stock,100,1080
2257992167035140000,,Opening Stock,100,1080
2257992167035140000,,Opening Stock,100,1080
2257992141139510000,,Opening Stock,100,1080
2257992141139510000,,Opening Stock,100,1080
2257992110957300000,,Opening Stock,100,1080
2257992110957300000,,Opening Stock,100,1080
2257992093710320000,,Opening Stock,100,1080
2257992093710320000,,Opening Stock,100,1080
2257991757318750000,,Opening Stock,100,1080
2257991757318750000,,Opening Stock,100,1080
2257991709864400000,,Opening Stock,100,1080
2257991709864400000,,Opening Stock,100,1080
2257991701240910000,,Opening Stock,100,1080
2257991701240910000,,Opening Stock,100,1080
2257991658131850000,,Opening Stock,100,1080
2257991658131850000,,Opening Stock,100,1080
2257991425205370000,,Opening Stock,100,1080
2257991425205370000,,Opening Stock,100,1080
2257991308763100000,,Opening Stock,100,1080
2257991308763100000,,Opening Stock,100,1080
2257991252693650000,,Opening Stock,100,1080
2257991252693650000,,Opening Stock,100,1080
2257991248381900000,,Opening Stock,100,1080
2257991248381900000,,Opening Stock,100,1080
2257990782579280000,,Opening Stock,100,1080
2257990782579280000,,Opening Stock,100,1080
2257990726509820000,,Opening Stock,100,1080
2257990726509820000,,Opening Stock,100,1080
2257990674752110000,,Opening Stock,100,1080
2257990674752110000,,Opening Stock,100,1080
2257990575540040000,,Opening Stock,100,1080
2257990575540040000,,Opening Stock,100,1080
2257990510847100000,,Opening Stock,100,1080
2257990510847100000,,Opening Stock,100,1080
2257990459097780000,,Opening Stock,100,1080
2257990459097780000,,Opening Stock,100,1080
2257990450465900000,,Opening Stock,100,1080
2257990450465900000,,Opening Stock,100,1080
2257990437539050000,,Opening Stock,100,1080
2257990437539050000,,Opening Stock,100,1080
2257990433218920000,,Opening Stock,100,1080
2257990433218920000,,Opening Stock,100,1080
2257990407331680000,,Opening Stock,100,1080
2257990407331680000,,Opening Stock,100,1080
2257990398708190000,,Opening Stock,100,1080
2257990398708190000,,Opening Stock,100,1080
2257990381469600000,,Opening Stock,100,1080
2257990381469600000,,Opening Stock,100,1080
2257990377141080000,,Opening Stock,100,1080
2257990377141080000,,Opening Stock,100,1080
2257990364197450000,,Opening Stock,100,1080
2257990364197450000,,Opening Stock,100,1080
2257990355582350000,,Opening Stock,100,1080
2257990355582350000,,Opening Stock,100,1080
2257990286569280000,,Opening Stock,100,1080
2257990286569280000,,Opening Stock,100,1080
2257990282265920000,,Opening Stock,100,1080
2257990282265920000,,Opening Stock,100,1080
2257990247746800000,,Opening Stock,100,1080
2257990247746800000,,Opening Stock,100,1080
2257990187373990000,,Opening Stock,100,1080
2257990187373990000,,Opening Stock,100,1080
2257990178742110000,,Opening Stock,100,1080
2257990178742110000,,Opening Stock,100,1080
2257990170118620000,,Opening Stock,100,1080
2257990170118620000,,Opening Stock,100,1080
2257990114032390000,,Opening Stock,100,1080
2257990114032390000,,Opening Stock,100,1080
2257990049347830000,,Opening Stock,100,1080
2257990049347830000,,Opening Stock,100,1080
2257990010533740000,,Opening Stock,100,1080
2257990010533740000,,Opening Stock,100,1080
2257990006222000000,,Opening Stock,100,1080
2257990006222000000,,Opening Stock,100,1080
2257989950135760000,,Opening Stock,100,1080
2257989950135760000,,Opening Stock,100,1080
2257989941529050000,,Opening Stock,100,1080
2257989941529050000,,Opening Stock,100,1080
2257989928602210000,,Opening Stock,100,1080
2257989928602210000,,Opening Stock,100,1080
2257989803511280000,,Opening Stock,100,1080
2257989803511280000,,Opening Stock,100,1080
2257989652566670000,,Opening Stock,100,1080
2257989652566670000,,Opening Stock,100,1080
2257989648254930000,,Opening Stock,100,1080
2257989648254930000,,Opening Stock,100,1080
2257989587856950000,,Opening Stock,100,1080
2257989587856950000,,Opening Stock,100,1080
2257989574913330000,,Opening Stock,100,1080
2257989574913330000,,Opening Stock,100,1080
2257989471423070000,,Opening Stock,100,1080
2257989471423070000,,Opening Stock,100,1080
2257989467102940000,,Opening Stock,100,1080
2257989467102940000,,Opening Stock,100,1080
2257989462791190000,,Opening Stock,100,1080
2257989462791190000,,Opening Stock,100,1080
2257989402393220000,,Opening Stock,100,1080
2257989402393220000,,Opening Stock,100,1080
2257989337708660000,,Opening Stock,100,1080
2257989337708660000,,Opening Stock,100,1080
2257989333388530000,,Opening Stock,100,1080
2257989333388530000,,Opening Stock,100,1080
2257989251431830000,,Opening Stock,100,1080
2257989251431830000,,Opening Stock,100,1080
2257989238496590000,,Opening Stock,100,1080
2257989238496590000,,Opening Stock,100,1080
2257989234184850000,,Opening Stock,100,1080
2257989234184850000,,Opening Stock,100,1080
2257989229856330000,,Opening Stock,100,1080
2257989229856330000,,Opening Stock,100,1080
2257989225552970000,,Opening Stock,100,1080
2257989225552970000,,Opening Stock,100,1080
2257989221232840000,,Opening Stock,100,1080
2257989221232840000,,Opening Stock,100,1080
2257989216929480000,,Opening Stock,100,1080
2257989216929480000,,Opening Stock,100,1080
2257989182410360000,,Opening Stock,100,1080
2257989182410360000,,Opening Stock,100,1080
2257989156548280000,,Opening Stock,100,1080
2257989156548280000,,Opening Stock,100,1080
2257989130661040000,,Opening Stock,100,1080
2257989130661040000,,Opening Stock,100,1080
2257989126349290000,,Opening Stock,100,1080
2257989126349290000,,Opening Stock,100,1080
2257989104790570000,,Opening Stock,100,1080
2257989104790570000,,Opening Stock,100,1080
2257989096167080000,,Opening Stock,100,1080
2257989096167080000,,Opening Stock,100,1080
2257989087535200000,,Opening Stock,100,1080
2257989087535200000,,Opening Stock,100,1080
2257989061656350000,,Opening Stock,100,1080
2257989061656350000,,Opening Stock,100,1080
2257989035785880000,,Opening Stock,100,1080
2257989035785880000,,Opening Stock,100,1080
2257989031474140000,,Opening Stock,100,1080
2257989031474140000,,Opening Stock,100,1080
2257989027154000000,,Opening Stock,100,1080
2257989027154000000,,Opening Stock,100,1080
2257989018538900000,,Opening Stock,100,1080
2257989018538900000,,Opening Stock,100,1080
2257988988339910000,,Opening Stock,100,1080
2257988988339910000,,Opening Stock,100,1080
2257988945222470000,,Opening Stock,100,1080
2257988945222470000,,Opening Stock,100,1080
2257988940910720000,,Opening Stock,100,1080
2257988940910720000,,Opening Stock,100,1080
2257988940885560000,,Opening Stock,100,1080
2257988940885560000,,Opening Stock,100,1080
2257988936582200000,,Opening Stock,100,1080
2257988936582200000,,Opening Stock,100,1080
2257988932270460000,,Opening Stock,100,1080
2257988932270460000,,Opening Stock,100,1080
2257988897768110000,,Opening Stock,100,1080
2257988897768110000,,Opening Stock,100,1080
2257988815819800000,,Opening Stock,100,1080
2257988815819800000,,Opening Stock,100,1080
2257988794261080000,,Opening Stock,100,1080
2257988794261080000,,Opening Stock,100,1080
2257988759750340000,,Opening Stock,100,1080
2257988759750340000,,Opening Stock,100,1080
2257988535480910000,,Opening Stock,100,1080
2257988535480910000,,Opening Stock,100,1080
2257988526857420000,,Opening Stock,100,1080
2257988526857420000,,Opening Stock,100,1080
2257988513922190000,,Opening Stock,100,1080
2257988513922190000,,Opening Stock,100,1080
2257988492371850000,,Opening Stock,100,1080
2257988492371850000,,Opening Stock,100,1080
2257988470813130000,,Opening Stock,100,1080
2257988470813130000,,Opening Stock,100,1080
